cache_size,block_size,associativity,lru_fifo,num_lines,hits,misses,replacements,hit_rate,num_requests
1024,32,1,fifo,32,92775,422908,422876,0.179907,515683
1024,32,2,fifo,32,153200,362483,362451,0.297082,515683
1024,32,4,fifo,32,250960,264723,264691,0.486656,515683
1024,32,8,fifo,32,362731,152952,152920,0.703399,515683
1024,32,16,fifo,32,444431,71252,71220,0.86183,515683
1024,32,32,fifo,32,477635,38048,38016,0.926218,515683
