cache_size,block_size,associativity,lru_fifo,num_lines,hits,misses,replacements,hit_rate,num_requests
1024,32,1,lru,32,92775,422908,422876,0.179907,515683
1024,32,2,lru,32,155710,359973,359941,0.301949,515683
1024,32,4,lru,32,262543,253140,253108,0.509117,515683
1024,32,8,lru,32,388579,127104,127072,0.753523,515683
1024,32,16,lru,32,458129,57554,57522,0.888393,515683
1024,32,32,lru,32,484165,31518,31486,0.938881,515683
